<jaxws:bindings wsdlLocation="CustomerService.wsdl"
          xmlns:jaxws="http://java.sun.com/xml/ns/jaxws"
          xmlns:xs="http://www.w3.org/2001/XMLSchema"
          xmlns:jxb="http://java.sun.com/xml/ns/jaxb"
          xmlns:wsdl="http://schemas.xmlsoap.org/wsdl/">
  <!-- <jaxws:enableAsyncMapping>true</jaxws:enableAsyncMapping> -->
  <jaxws:bindings  node="wsdl:definitions/wsdl:types/xs:schema">
      <jxb:globalBindings>
        <jxb:javaType name="java.util.Date" xmlType="xs:dateTime"
                      parseMethod="org.apache.cxf.tools.common.DataTypeAdapter.parseDateTime"
                      printMethod="org.apache.cxf.tools.common.DataTypeAdapter.printDateTime"/>
        <jxb:javaType name="java.util.Date" xmlType="xs:date"
                      parseMethod="org.apache.cxf.tools.common.DataTypeAdapter.parseDate"
                      printMethod="org.apache.cxf.tools.common.DataTypeAdapter.printDate"/>
      </jxb:globalBindings>
  </jaxws:bindings>
</jaxws:bindings>